City_ID,City,Lat,Lng,Max Temp,Humidity,Cloudiness,Wind Speed,Country,Date
0,Rikitea,-23.1203,-134.9692,78.13,77,43,7.56,PF,2021-12-14 00:18:55
1,Punta Arenas,-53.15,-70.9167,50.11,62,75,12.66,CL,2021-12-14 00:18:56
2,Ushuaia,-54.8,-68.3,44.26,70,75,19.57,AR,2021-12-14 00:18:56
3,Urubamba,-13.3047,-72.1158,65.3,84,100,5.44,PE,2021-12-14 00:18:56
4,Arraial Do Cabo,-22.9661,-42.0278,78.66,94,20,4.61,BR,2021-12-14 00:18:57
5,Vao,-22.6667,167.4833,76.95,89,100,19.69,NC,2021-12-14 00:18:57
6,Fortuna,40.5982,-124.1573,48.65,95,1,1.99,US,2021-12-14 00:18:58
7,Sebastian,35.1668,-94.2669,58.05,52,7,5.08,US,2021-12-14 00:18:58
8,Preobrazheniye,42.9019,133.9064,27.88,58,1,6.35,RU,2021-12-14 00:18:58
9,Cape Town,-33.9258,18.4232,63.88,68,20,5.01,ZA,2021-12-14 00:18:59
10,Porto Belo,-27.1578,-48.5531,77.63,93,62,4.38,BR,2021-12-14 00:18:59
11,Kodiak,57.79,-152.4072,15.31,73,90,4.61,US,2021-12-14 00:19:00
12,Dikson,73.5069,80.5464,-2.69,97,100,26.19,RU,2021-12-14 00:19:00
13,Mitu,1.1983,-70.1733,74.5,93,97,3.11,CO,2021-12-14 00:14:13
14,Georgetown,5.4112,100.3354,78.89,86,20,0.0,MY,2021-12-14 00:19:01
15,Norman Wells,65.282,-126.8329,-23.76,69,20,0.0,CA,2021-12-14 00:19:01
16,Tuatapere,-46.1333,167.6833,64.81,54,13,8.79,NZ,2021-12-14 00:19:01
17,Tual,-5.6667,132.75,83.71,72,87,4.16,ID,2021-12-14 00:19:02
18,Baijiantan,45.6333,85.1833,17.85,84,100,1.03,CN,2021-12-14 00:19:02
19,Luderitz,-26.6481,15.1594,61.05,83,0,15.21,NA,2021-12-14 00:19:02
20,Hami,42.8,93.45,22.91,48,41,1.63,CN,2021-12-14 00:19:03
21,Bredasdorp,-34.5322,20.0403,60.28,86,100,5.41,ZA,2021-12-14 00:19:03
22,Seoul,37.5683,126.9778,36.97,56,75,4.61,KR,2021-12-14 00:19:04
23,Northam,51.0333,-4.2167,54.01,93,100,11.88,GB,2021-12-14 00:19:04
24,Lebu,-37.6167,-73.65,55.51,81,0,10.31,CL,2021-12-14 00:19:05
25,Vanimo,-2.6741,141.3028,82.87,78,100,1.39,PG,2021-12-14 00:19:05
26,Sao Filipe,14.8961,-24.4956,75.38,71,49,10.18,CV,2021-12-14 00:19:06
27,Hofn,64.2539,-15.2082,36.07,69,86,7.07,IS,2021-12-14 00:19:06
28,Pisco,-13.7,-76.2167,68.05,77,0,16.11,PE,2021-12-14 00:19:07
29,Kapaa,22.0752,-159.319,80.92,77,40,4.0,US,2021-12-14 00:15:31
30,Mount Gambier,-37.8333,140.7667,66.87,44,43,4.72,AU,2021-12-14 00:19:07
31,Longyan,25.1072,117.0225,53.87,89,3,1.77,CN,2021-12-14 00:19:08
32,Saint-Philippe,-21.3585,55.7679,76.55,82,31,11.92,RE,2021-12-14 00:19:08
33,Emerald,-23.5333,148.1667,83.34,54,0,4.9,AU,2021-12-14 00:15:31
34,Karratha,-20.7377,116.8463,85.59,34,5,14.09,AU,2021-12-14 00:19:08
35,Bocaiuva,-17.1078,-43.815,73.11,94,100,1.79,BR,2021-12-14 00:19:09
36,Lakatoro,-16.0999,167.4164,83.43,79,96,19.26,VU,2021-12-14 00:19:09
37,Peace River,56.2501,-117.286,-1.82,94,60,5.37,CA,2021-12-14 00:19:10
38,Porbandar,21.6422,69.6093,69.55,40,0,8.55,IN,2021-12-14 00:19:10
39,Avarua,-21.2078,-159.775,82.45,78,40,14.97,CK,2021-12-14 00:19:10
40,Puerto Ayora,-0.7393,-90.3518,69.55,93,77,5.99,EC,2021-12-14 00:19:11
41,Coahuayana,18.7333,-103.6833,89.08,73,2,3.85,MX,2021-12-14 00:19:11
42,Tiksi,71.6872,128.8694,-28.84,100,92,1.92,RU,2021-12-14 00:19:12
43,Lavrentiya,65.5833,-171.0,-11.22,80,100,10.85,RU,2021-12-14 00:19:12
44,Butaritari,3.0707,172.7902,81.46,73,90,17.09,KI,2021-12-14 00:20:12
45,Victoria,22.2855,114.1577,67.32,77,93,4.0,HK,2021-12-14 00:17:52
46,Castro,-24.7911,-50.0119,68.77,71,100,2.59,BR,2021-12-14 00:20:13
47,Ibate,-21.9547,-47.9967,74.14,94,100,2.37,BR,2021-12-14 00:20:13
48,Saskylakh,71.9167,114.0833,-10.25,97,100,9.15,RU,2021-12-14 00:20:14
49,Virginia Beach,36.8529,-75.978,50.02,64,1,0.0,US,2021-12-14 00:19:06
50,Mataura,-46.1927,168.8643,63.48,39,27,5.53,NZ,2021-12-14 00:20:14
51,Puerto Leguizamo,-0.1934,-74.7819,79.34,69,80,1.95,CO,2021-12-14 00:20:15
52,Tuktoyaktuk,69.4541,-133.0374,-14.8,76,1,4.61,CA,2021-12-14 00:20:15
53,Tasiilaq,65.6145,-37.6368,35.76,88,100,22.91,GL,2021-12-14 00:20:15
54,Airai,-8.9266,125.4092,70.88,60,48,1.16,TL,2021-12-14 00:20:16
55,Te Kauwhata,-37.4,175.15,75.15,37,100,8.5,NZ,2021-12-14 00:20:16
56,Nelson Bay,-32.7167,152.15,78.3,63,40,1.99,AU,2021-12-14 00:20:16
57,Coos Bay,43.3665,-124.2179,44.92,91,90,10.36,US,2021-12-14 00:20:17
58,Yellowknife,62.456,-114.3525,-2.58,91,75,8.05,CA,2021-12-14 00:15:25
59,Bjornevatn,69.6672,29.9847,30.54,100,90,3.44,NO,2021-12-14 00:20:17
60,Moyale,3.5167,39.0584,67.37,62,71,4.54,KE,2021-12-14 00:20:18
61,Pevek,69.7008,170.3133,-27.96,93,47,1.59,RU,2021-12-14 00:20:18
62,Torbay,47.6666,-52.7314,39.27,88,75,23.02,CA,2021-12-14 00:20:18
63,Normandin,48.8333,-72.5321,35.91,100,100,4.61,CA,2021-12-14 00:20:19
64,Port Alfred,-33.5906,26.891,68.54,89,100,18.61,ZA,2021-12-14 00:20:19
65,Albany,42.6001,-73.9662,47.73,50,0,1.01,US,2021-12-14 00:18:47
66,Cidreira,-30.1811,-50.2056,73.18,90,91,10.69,BR,2021-12-14 00:20:20
67,Russell,32.3502,-85.1999,53.38,90,1,0.0,US,2021-12-14 00:15:26
68,Mataram,-8.5833,116.1167,83.21,79,29,3.56,ID,2021-12-14 00:20:20
69,Hermanus,-34.4187,19.2345,62.91,82,99,9.95,ZA,2021-12-14 00:20:21
70,Busselton,-33.65,115.3333,61.09,63,73,8.39,AU,2021-12-14 00:20:21
71,Altus,34.6381,-99.334,60.87,30,1,10.36,US,2021-12-14 00:20:21
72,Upernavik,72.7868,-56.1549,4.51,96,100,10.38,GL,2021-12-14 00:20:22
73,Gizo,-8.103,156.8419,85.03,71,88,8.68,SB,2021-12-14 00:20:22
74,San Quintin,30.4833,-115.95,60.12,66,100,7.94,MX,2021-12-14 00:20:23
75,Rasshevatskaya,45.5748,41.035,37.09,79,100,13.87,RU,2021-12-14 00:20:11
76,Dunedin,-45.8742,170.5036,61.81,70,95,4.0,NZ,2021-12-14 00:18:27
77,Natal,-5.795,-35.2094,83.05,78,20,12.66,BR,2021-12-14 00:20:23
78,Santa Helena,-2.2311,-45.3,77.7,86,82,3.44,BR,2021-12-14 00:20:24
79,Narsaq,60.9167,-46.05,37.62,78,100,4.12,GL,2021-12-14 00:20:24
80,Dingle,10.9995,122.6711,76.95,88,100,13.71,PH,2021-12-14 00:20:25
81,Te Anau,-45.4167,167.7167,69.12,48,99,0.89,NZ,2021-12-14 00:20:25
82,Iqaluit,63.7506,-68.5145,-5.31,70,75,21.0,CA,2021-12-14 00:15:52
83,Kaka,37.3482,59.6143,33.6,64,19,3.15,TM,2021-12-14 00:20:25
84,Tevaitoa,-16.7833,-151.5,81.68,74,57,14.67,PF,2021-12-14 00:20:26
85,Aklavik,68.2191,-135.0107,-15.77,100,100,2.01,CA,2021-12-14 00:20:26
86,Dolneni,41.4253,21.4547,32.86,97,100,3.27,MK,2021-12-14 00:20:27
87,Hilo,19.7297,-155.09,78.53,53,40,6.91,US,2021-12-14 00:20:27
88,San Ignacio,17.1561,-89.0714,80.74,74,75,4.61,BZ,2021-12-14 00:20:27
89,Port Macquarie,-31.4333,152.9167,75.88,57,32,11.59,AU,2021-12-14 00:21:28
90,New Norfolk,-42.7826,147.0587,76.66,38,12,1.99,AU,2021-12-14 00:21:28
91,Ilulissat,69.2167,-51.1,24.82,46,46,4.61,GL,2021-12-14 00:21:29
92,Husavik,66.0449,-17.3389,28.31,80,24,13.02,IS,2021-12-14 00:21:29
93,Provideniya,64.3833,-173.3,-4.65,71,75,31.32,RU,2021-12-14 00:21:29
94,Sitka,57.0531,-135.33,33.69,60,1,0.0,US,2021-12-14 00:21:30
95,Dharmadam,11.7833,75.4333,76.08,79,100,8.12,IN,2021-12-14 00:21:30
96,Hobart,-42.8794,147.3294,77.02,59,20,1.01,AU,2021-12-14 00:18:24
97,Lazaro Cardenas,17.9583,-102.2,81.19,73,1,8.19,MX,2021-12-14 00:21:31
98,Caravelas,-17.7125,-39.2481,76.62,85,100,7.34,BR,2021-12-14 00:21:31
99,Lagoa,39.05,-27.9833,58.78,55,99,3.49,PT,2021-12-14 00:21:31
100,Meridian,43.6121,-116.3915,53.35,51,1,11.01,US,2021-12-14 00:17:40
101,The Valley,18.217,-63.0578,80.46,74,4,23.91,AI,2021-12-14 00:21:32
102,Chuy,-33.6971,-53.4616,69.08,91,100,7.83,UY,2021-12-14 00:21:32
103,Byron Bay,-28.65,153.6167,80.19,58,14,14.7,AU,2021-12-14 00:21:33
104,Vaini,-21.2,-175.2,84.36,79,20,8.05,TO,2021-12-14 00:21:33
105,Bluff,-46.6,168.3333,63.81,74,36,19.69,NZ,2021-12-14 00:21:33
106,Milevsko,49.4509,14.36,41.13,99,100,1.43,CZ,2021-12-14 00:21:34
107,Kibala,9.1104,18.3463,71.55,60,0,0.0,TD,2021-12-14 00:21:34
108,Atuona,-9.8,-139.0333,78.69,70,44,18.03,PF,2021-12-14 00:21:34
109,Kedrovyy,56.1667,91.8167,-10.79,99,100,2.66,RU,2021-12-14 00:21:35
110,Nekhayevskiy,50.4106,41.7561,21.52,70,99,11.03,RU,2021-12-14 00:21:35
111,Mar Del Plata,-38.0023,-57.5575,64.09,82,40,5.01,AR,2021-12-14 00:21:36
112,Egvekinot,66.3167,-179.1667,-14.69,72,100,9.82,RU,2021-12-14 00:21:36
113,Sioux Lookout,50.1001,-91.917,23.38,92,20,2.3,CA,2021-12-14 00:21:36
114,Ponta Do Sol,32.6667,-17.1,64.0,82,86,10.04,PT,2021-12-14 00:21:37
115,Clyde River,70.4692,-68.5914,-12.77,84,75,11.5,CA,2021-12-14 00:21:37
116,Murgab,37.4966,61.9714,35.67,67,100,6.8,TM,2021-12-14 00:21:38
117,Mirabad,30.4362,61.8383,46.78,56,0,9.08,AF,2021-12-14 00:21:38
118,Tautira,-17.7333,-149.15,84.22,73,85,10.36,PF,2021-12-14 00:21:38
119,Avera,33.194,-82.5271,50.72,54,0,2.82,US,2021-12-14 00:21:39
120,Los Llanos De Aridane,28.6585,-17.9182,60.55,70,0,5.01,ES,2021-12-14 00:21:39
121,Saint-Augustin,51.226,-58.6502,21.97,67,50,16.04,CA,2021-12-14 00:21:39
122,Fallon,39.4735,-118.7774,48.07,54,75,14.97,US,2021-12-14 00:21:40
123,Souillac,-20.5167,57.5167,75.58,88,40,9.22,MU,2021-12-14 00:21:40
124,Guerrero Negro,27.9769,-114.0611,63.46,70,97,11.27,MX,2021-12-14 00:21:40
125,Naze,28.3667,129.4833,59.92,56,46,5.3,JP,2021-12-14 00:21:41
126,Krasnouralsk,58.3638,60.0407,19.44,65,100,11.23,RU,2021-12-14 00:21:41
127,Porto Novo,6.4965,2.6036,84.02,83,22,6.35,BJ,2021-12-14 00:21:42
128,Podhum,43.7231,17.0011,36.16,93,72,8.25,BA,2021-12-14 00:21:42
129,Hithadhoo,-0.6,73.0833,81.66,71,97,10.78,MV,2021-12-14 00:21:42
130,Chapais,49.7834,-74.8492,24.58,95,100,8.99,CA,2021-12-14 00:17:46
131,Katsuura,35.1333,140.3,46.11,59,36,6.8,JP,2021-12-14 00:21:43
132,Antofagasta,-23.65,-70.4,63.68,80,5,7.43,CL,2021-12-14 00:21:43
133,Saint-Joseph,-21.3667,55.6167,75.56,80,19,10.6,RE,2021-12-14 00:21:44
134,Marsh Harbour,26.5412,-77.0636,76.24,71,0,14.36,BS,2021-12-14 00:21:44
135,Vila Velha,-20.3297,-40.2925,78.75,87,40,8.01,BR,2021-12-14 00:22:45
136,Nanortalik,60.1432,-45.2371,31.73,77,100,3.29,GL,2021-12-14 00:22:45
137,Port Elizabeth,-33.918,25.5701,65.1,94,75,6.91,ZA,2021-12-14 00:21:11
138,Khatanga,71.9667,102.5,-5.48,96,100,19.73,RU,2021-12-14 00:22:45
139,Kupang,-10.1667,123.5833,84.78,84,20,3.44,ID,2021-12-14 00:22:46
140,Jamestown,42.097,-79.2353,43.92,49,1,1.99,US,2021-12-14 00:22:46
141,Mount Isa,-20.7333,139.5,94.77,17,2,10.36,AU,2021-12-14 00:22:47
142,Teya,60.3778,92.6267,-10.86,99,99,1.54,RU,2021-12-14 00:22:47
143,Bethel,41.3712,-73.414,48.58,46,1,3.0,US,2021-12-14 00:17:59
144,Qaanaaq,77.484,-69.3632,6.4,74,100,1.97,GL,2021-12-14 00:22:47
145,Waynesville,35.4887,-82.9887,46.49,54,0,3.0,US,2021-12-14 00:21:13
146,Takoradi,4.8845,-1.7554,79.93,86,72,6.2,GH,2021-12-14 00:22:48
147,Nome,64.5011,-165.4064,-5.73,54,1,8.05,US,2021-12-14 00:22:48
148,Abha,18.2164,42.5053,48.02,42,0,0.0,SA,2021-12-14 00:22:49
149,Feijo,-8.1642,-70.3536,75.09,98,98,2.89,BR,2021-12-14 00:22:49
150,Port-Cartier,50.0334,-66.8654,25.75,90,99,3.89,CA,2021-12-14 00:22:50
151,Half Moon Bay,37.4636,-122.4286,56.08,93,90,5.99,US,2021-12-14 00:22:50
152,Glotovka,53.9491,46.7042,24.21,56,100,11.27,RU,2021-12-14 00:22:50
153,Ribeira Grande,38.5167,-28.7,59.31,59,97,2.59,PT,2021-12-14 00:22:51
154,Porangatu,-13.4408,-49.1486,71.83,97,100,3.13,BR,2021-12-14 00:22:51
155,Mondlo,-27.983,30.7177,59.99,88,100,4.99,ZA,2021-12-14 00:22:52
156,Luganville,-15.5333,167.1667,85.01,75,100,15.39,VU,2021-12-14 00:22:52
157,Snezhnogorsk,69.1933,33.2531,16.83,97,100,8.81,RU,2021-12-14 00:22:52
158,Barrow,71.2906,-156.7887,-27.38,62,1,9.22,US,2021-12-14 00:22:08
159,Rabo De Peixe,37.8,-25.5833,56.28,93,40,4.61,PT,2021-12-14 00:22:53
160,Pativilca,-10.7,-77.7833,68.54,80,50,7.9,PE,2021-12-14 00:22:53
161,Kidal,18.4411,1.4078,74.7,8,100,8.9,ML,2021-12-14 00:22:53
162,Sladkovo,55.5284,70.3385,2.79,99,96,5.21,RU,2021-12-14 00:22:54
163,Nhulunbuy,-12.2333,136.7667,92.01,55,75,8.05,AU,2021-12-14 00:22:54
164,Shingu,33.7333,135.9833,47.39,55,2,4.23,JP,2021-12-14 00:22:55
165,Saint John,45.2727,-66.0677,42.03,68,75,6.91,CA,2021-12-14 00:22:55
166,Oyama,36.3,139.8,43.59,42,20,1.59,JP,2021-12-14 00:22:55
167,Kruisfontein,-34.0033,24.7314,62.89,92,88,9.22,ZA,2021-12-14 00:22:56
168,Nikolskoye,59.7035,30.7861,33.4,95,83,7.34,RU,2021-12-14 00:22:56
169,Cherskiy,68.75,161.3,-20.4,86,99,5.26,RU,2021-12-14 00:22:56
170,Bengkulu,-3.8004,102.2655,76.26,86,44,3.69,ID,2021-12-14 00:22:57
171,Lokoja,7.8024,6.743,79.18,32,66,2.17,NG,2021-12-14 00:22:57
172,Terney,45.0503,136.6092,18.0,57,15,5.23,RU,2021-12-14 00:22:58
173,Bambous Virieux,-20.3428,57.7575,75.45,88,40,9.22,MU,2021-12-14 00:22:58
174,Fairbanks,64.8378,-147.7164,-24.39,74,20,3.44,US,2021-12-14 00:21:32
175,Chokurdakh,70.6333,147.9167,-21.42,94,100,8.23,RU,2021-12-14 00:22:58
176,Kiunga,-6.1219,141.2906,84.69,65,74,2.51,PG,2021-12-14 00:22:59
177,Geraldton,-28.7667,114.6,68.41,60,90,19.57,AU,2021-12-14 00:22:59
178,Meiganga,6.5167,14.3,68.36,30,100,4.9,CM,2021-12-14 00:23:00
179,Severo-Kurilsk,50.6789,156.125,32.65,84,100,25.95,RU,2021-12-14 00:23:00
180,Dobrinka,52.1653,40.4731,25.39,75,100,9.8,RU,2021-12-14 00:23:00
181,Hasaki,35.7333,140.8333,41.4,39,22,2.28,JP,2021-12-14 00:23:01
182,Baracoa,20.3467,-74.4958,77.59,82,5,14.43,CU,2021-12-14 00:24:01
183,Champerico,14.3,-91.9167,83.35,75,4,8.05,GT,2021-12-14 00:24:01
184,Valdivia,-39.8142,-73.2459,57.29,81,43,2.93,CL,2021-12-14 00:24:02
185,Port Hardy,50.6996,-127.4199,42.8,87,75,2.3,CA,2021-12-14 00:20:43
186,Saint-Francois,46.4154,3.9054,37.47,98,90,4.61,FR,2021-12-14 00:24:02
187,Namibe,-15.1961,12.1522,75.07,72,97,3.27,AO,2021-12-14 00:24:03
188,Praya,14.9215,-23.5087,73.94,83,0,19.57,CV,2021-12-14 00:24:03
189,Seminole,28.7086,-81.2081,73.76,89,1,6.91,US,2021-12-14 00:24:04
190,Faanui,-16.4833,-151.75,81.36,74,52,14.2,PF,2021-12-14 00:24:04
191,Ngaoundere,7.3167,13.5833,66.87,28,99,2.86,CM,2021-12-14 00:24:05
192,Sibolga,1.7427,98.7792,76.21,85,97,3.49,ID,2021-12-14 00:24:05
193,Vila Franca Do Campo,37.7167,-25.4333,57.2,66,98,6.85,PT,2021-12-14 00:24:05
194,Puerto Baquerizo Moreno,-0.9,-89.6,68.56,88,47,10.56,EC,2021-12-14 00:24:06
195,Nandyal,15.4833,78.4833,69.06,89,100,3.2,IN,2021-12-14 00:24:06
196,Viet Tri,21.3019,105.4308,55.35,76,0,2.51,VN,2021-12-14 00:23:49
197,Peremyshl,54.2631,36.1606,27.16,95,100,2.06,RU,2021-12-14 00:24:07
198,Meadow Lake,34.8014,-106.5436,51.28,28,20,2.57,US,2021-12-14 00:24:07
199,Evensk,61.95,159.2333,5.49,80,100,33.96,RU,2021-12-14 00:24:07
200,Ouallam,14.3188,2.0866,74.91,12,27,10.07,NE,2021-12-14 00:24:08
201,Keti Bandar,24.1447,67.4497,66.49,33,0,7.38,PK,2021-12-14 00:24:08
202,Nusaybin,37.0778,41.2178,53.91,29,83,2.75,TR,2021-12-14 00:24:08
203,Gambo,4.6482,22.2633,72.28,47,54,0.43,CF,2021-12-14 00:24:09
204,Chaman,30.9236,66.4512,36.54,39,0,6.85,PK,2021-12-14 00:24:09
205,Aba,5.1066,7.3667,78.08,86,83,6.02,NG,2021-12-14 00:24:09
206,Kuloy,61.0305,42.4925,24.39,90,98,9.1,RU,2021-12-14 00:24:10
207,Kumluca,36.3703,30.2869,53.67,75,61,3.33,TR,2021-12-14 00:24:10
208,Cayenne,4.9333,-52.3333,80.1,85,0,3.0,GF,2021-12-14 00:24:11
209,Udachnyy,66.4167,112.4,-50.22,100,70,3.18,RU,2021-12-14 00:24:11
210,Port Hedland,-20.3167,118.5667,93.25,24,56,10.36,AU,2021-12-14 00:24:12
211,Verkhoyansk,67.5447,133.385,-42.3,100,100,2.33,RU,2021-12-14 00:24:12
212,Orlik,52.5178,99.825,-6.36,95,99,3.18,RU,2021-12-14 00:24:13
213,Akhtubinsk,48.2795,46.1722,26.76,72,100,14.56,RU,2021-12-14 00:24:13
214,Zapolyarnyy,69.4154,30.8136,29.48,97,97,4.9,RU,2021-12-14 00:24:14
215,Touros,-5.1989,-35.4608,83.3,77,59,12.59,BR,2021-12-14 00:24:14
216,Strezhevoy,60.7333,77.5889,-31.02,100,7,2.15,RU,2021-12-14 00:24:14
217,Yulara,-25.2406,130.9889,85.84,26,69,14.97,AU,2021-12-14 00:24:15
218,Bangkalan,-7.0455,112.7351,80.55,80,59,0.4,ID,2021-12-14 00:24:15
219,Mayumba,-3.432,10.6554,77.88,91,97,1.14,GA,2021-12-14 00:24:15
220,Shubarshi,48.5872,57.1869,13.17,82,6,3.51,KZ,2021-12-14 00:24:16
221,Manzanillo,20.3433,-77.1167,77.54,68,2,15.88,CU,2021-12-14 00:24:16
222,San Cristobal,7.7669,-72.225,71.78,93,75,3.09,VE,2021-12-14 00:24:16
223,Mehamn,71.0357,27.8492,34.45,78,96,13.02,NO,2021-12-14 00:24:17
224,Mareeba,-17.0,145.4333,84.92,59,79,4.36,AU,2021-12-14 00:24:17
225,Carnarvon,-24.8667,113.6333,73.47,56,32,24.16,AU,2021-12-14 00:24:18
226,Fershampenuaz,53.5202,59.8117,12.49,78,75,7.23,RU,2021-12-14 00:24:18
227,Coihaique,-45.5752,-72.0662,53.55,47,90,4.61,CL,2021-12-14 00:21:49
228,Tabou,4.423,-7.3528,79.77,83,53,7.47,CI,2021-12-14 00:24:19
229,Katherine,-14.4667,132.2667,89.92,55,40,12.66,AU,2021-12-14 00:25:19
230,Alpena,45.0617,-83.4327,39.11,88,35,8.95,US,2021-12-14 00:25:19
231,Uyuni,-20.4597,-66.825,56.53,16,5,9.62,BO,2021-12-14 00:25:20
232,Krasnoselkup,65.7,82.4667,-36.74,96,10,6.26,RU,2021-12-14 00:25:20
233,Otorohanga,-38.1833,175.2,74.97,84,100,6.67,NZ,2021-12-14 00:25:20
234,Nidderau,50.25,8.9,43.75,93,12,1.21,DE,2021-12-14 00:25:21
235,Zabid,14.1951,43.3152,71.24,57,16,5.28,YE,2021-12-14 00:25:21
236,Viedma,-40.8135,-62.9967,63.07,52,44,14.99,AR,2021-12-14 00:25:22
237,Gazli,40.1333,63.45,30.02,88,91,5.55,UZ,2021-12-14 00:25:22
238,Jutai,-5.1833,-68.9,75.65,97,100,2.15,BR,2021-12-14 00:25:22
239,Goderich,43.7501,-81.7165,43.12,75,16,8.05,CA,2021-12-14 00:25:23
240,Lagos,6.5833,3.75,82.72,86,54,3.78,NG,2021-12-14 00:25:23
241,Halifax,44.6453,-63.5724,41.05,81,97,5.75,CA,2021-12-14 00:23:58
242,Idritsa,56.3316,28.8988,28.45,94,100,2.86,RU,2021-12-14 00:21:12
243,Mazagao,-0.115,-51.2894,84.25,86,100,5.08,BR,2021-12-14 00:25:24
244,East London,-33.0153,27.9116,70.74,82,100,22.28,ZA,2021-12-14 00:25:24
245,Grindavik,63.8424,-22.4338,37.87,93,90,23.02,IS,2021-12-14 00:25:25
246,Asyut,27.181,31.1837,62.65,61,82,8.32,EG,2021-12-14 00:25:25
247,Payakumbuh,-0.2202,100.6308,70.99,99,99,1.12,ID,2021-12-14 00:25:25
248,Pacific Grove,36.6177,-121.9166,56.08,92,90,8.01,US,2021-12-14 00:23:53
249,Alamosa,37.4695,-105.87,42.78,22,1,4.61,US,2021-12-14 00:25:26
250,Wukari,7.85,9.7833,74.86,24,100,4.34,NG,2021-12-14 00:25:26
251,Areia Branca,-4.9561,-37.1369,81.52,76,74,20.51,BR,2021-12-14 00:25:27
252,Juba,4.8517,31.5825,77.9,38,92,2.13,SS,2021-12-14 00:25:09
253,Guane,22.2025,-84.0875,75.79,76,18,4.79,CU,2021-12-14 00:25:27
254,Bar Harbor,44.3876,-68.2039,45.23,63,1,15.99,US,2021-12-14 00:25:28
255,Saint George,37.1041,-113.5841,52.32,47,1,0.0,US,2021-12-14 00:25:28
256,Zaozerne,45.1582,33.2787,46.94,90,58,9.06,UA,2021-12-14 00:25:28
257,Yatou,37.15,122.3833,36.32,61,1,7.14,CN,2021-12-14 00:25:29
258,Salalah,17.0151,54.0924,71.69,43,0,10.36,OM,2021-12-14 00:25:29
259,San Bartolome De Tirajana,27.9248,-15.5733,55.31,56,20,6.91,ES,2021-12-14 00:25:29
260,Broken Hill,-31.95,141.4333,80.31,36,36,11.5,AU,2021-12-14 00:25:30
261,Saint Anthony,45.0205,-93.218,33.89,81,1,0.0,US,2021-12-14 00:25:30
262,Kavieng,-2.5744,150.7967,85.08,73,46,8.84,PG,2021-12-14 00:25:30
263,Olafsvik,64.8945,-23.7142,38.59,85,100,18.43,IS,2021-12-14 00:25:31
264,Nemuro,43.3236,145.575,34.23,56,18,13.91,JP,2021-12-14 00:25:31
265,Deputatskiy,69.3,139.9,-25.73,98,100,1.9,RU,2021-12-14 00:25:32
266,Vryheid,-27.7695,30.7917,59.83,88,100,2.95,ZA,2021-12-14 00:25:32
267,Hailar,49.2,119.7,2.59,94,49,7.02,CN,2021-12-14 00:25:32
268,Larap,14.299,122.6504,77.02,73,93,14.14,PH,2021-12-14 00:25:33
269,Uyskoye,54.3775,60.0047,8.13,86,63,2.57,RU,2021-12-14 00:25:33
270,Axim,4.8699,-2.2405,79.45,88,39,5.75,GH,2021-12-14 00:25:33
271,Merrill,45.1805,-89.6835,29.97,90,1,0.0,US,2021-12-14 00:25:34
272,Ostrovnoy,68.0531,39.5131,21.43,94,100,6.24,RU,2021-12-14 00:25:34
273,Nantucket,41.2835,-70.0995,48.34,73,18,29.21,US,2021-12-14 00:25:34
274,Lompoc,34.6391,-120.4579,57.09,85,90,13.8,US,2021-12-14 00:25:35
275,Sao Francisco,-15.9486,-44.8644,71.26,96,100,2.95,BR,2021-12-14 00:25:35
276,Yumen,40.2833,97.2,20.39,36,57,16.78,CN,2021-12-14 00:25:36
277,Arman,59.7,150.1667,5.02,83,100,13.69,RU,2021-12-14 00:26:36
278,Sao Joao Da Barra,-21.6403,-41.0511,75.69,93,100,15.97,BR,2021-12-14 00:26:36
279,Shimoda,34.6667,138.95,50.36,78,99,3.69,JP,2021-12-14 00:26:37
280,Esperance,-33.8667,121.9,66.04,54,1,9.13,AU,2021-12-14 00:26:37
281,Arthur,39.7148,-88.4723,44.91,60,43,6.29,US,2021-12-14 00:26:37
282,Paratinga,-12.6906,-43.1842,75.09,76,100,2.86,BR,2021-12-14 00:26:38
283,Mityana,0.4175,32.0228,65.88,80,92,0.81,UG,2021-12-14 00:26:38
284,Zhezkazgan,47.8043,67.7144,3.18,78,0,6.71,KZ,2021-12-14 00:26:38
285,Mariental,-24.6333,17.9667,70.27,32,1,12.01,NA,2021-12-14 00:26:39
286,Betsiamites,48.9413,-68.646,37.8,99,100,6.02,CA,2021-12-14 00:26:39
287,Jonesboro,35.8423,-90.7043,51.57,71,1,5.99,US,2021-12-14 00:26:40
288,Ostroh,50.3294,26.5143,32.54,99,100,7.54,UA,2021-12-14 00:26:40
289,Arlit,18.7369,7.3853,68.04,10,31,6.96,NE,2021-12-14 00:26:41
290,Batagay-Alyta,67.8006,130.4114,-36.65,94,89,4.63,RU,2021-12-14 00:26:41
291,Mayna,54.1135,47.6231,23.47,61,100,11.79,RU,2021-12-14 00:26:41
292,Lahaina,20.8783,-156.6825,80.35,86,45,11.41,US,2021-12-14 00:26:42
293,Maturin,9.75,-63.1767,72.77,96,99,6.04,VE,2021-12-14 00:26:42
294,Hengyang,26.8881,112.615,50.02,82,91,2.08,CN,2021-12-14 00:26:42
295,Cockburn Town,21.4612,-71.1419,80.2,75,0,22.84,TC,2021-12-14 00:26:43
296,Abu Dhabi,24.4667,54.3667,69.96,62,7,9.35,AE,2021-12-14 00:26:28
297,Chimbote,-9.0853,-78.5783,68.36,82,41,9.46,PE,2021-12-14 00:26:43
298,Zhigansk,66.7697,123.3711,-31.18,97,92,10.27,RU,2021-12-14 00:26:44
299,Peringat,6.0333,102.2833,75.15,94,40,1.14,MY,2021-12-14 00:26:44
300,Sabha,27.0377,14.4283,46.72,54,0,8.77,LY,2021-12-14 00:26:45
301,Constitucion,-35.3333,-72.4167,55.54,79,100,14.16,CL,2021-12-14 00:26:45
302,Ahipara,-35.1667,173.1667,64.67,94,100,16.46,NZ,2021-12-14 00:26:45
303,Kavaratti,10.5669,72.642,82.06,72,99,8.77,IN,2021-12-14 00:26:46
304,College,64.8569,-147.8028,-31.02,76,20,3.44,US,2021-12-14 00:26:46
305,Cabo San Lucas,22.8909,-109.9124,78.51,68,20,1.01,MX,2021-12-14 00:26:47
306,Singkang,2.1006,102.7994,73.29,87,55,4.25,MY,2021-12-14 00:26:47
307,Lakes Entrance,-37.8811,147.981,76.15,64,99,4.18,AU,2021-12-14 00:26:47
308,Isangel,-19.55,169.2667,86.11,79,75,11.5,VU,2021-12-14 00:26:48
309,Sur,22.5667,59.5289,72.18,48,0,10.2,OM,2021-12-14 00:26:48
310,Necochea,-38.5473,-58.7368,58.03,77,0,7.07,AR,2021-12-14 00:26:48
311,Severodvinsk,64.5635,39.8302,19.51,96,99,7.07,RU,2021-12-14 00:26:49
312,San Patricio,28.017,-97.5169,68.09,86,100,5.41,US,2021-12-14 00:26:49
313,Tumkur,13.3422,77.1017,65.44,96,100,6.49,IN,2021-12-14 00:26:49
314,Zyryanka,65.75,150.85,-25.02,94,100,12.41,RU,2021-12-14 00:26:50
315,Manuk Mangkaw,4.8,119.85,81.9,78,98,5.91,PH,2021-12-14 00:26:50
316,Leningradskiy,69.3833,178.4167,-34.06,92,34,4.68,RU,2021-12-14 00:26:50
317,Salto,-31.3833,-57.9667,71.87,96,100,4.0,UY,2021-12-14 00:26:51
318,Thompson,55.7435,-97.8558,8.76,78,90,5.75,CA,2021-12-14 00:26:34
319,Changli,39.7042,119.1506,27.61,60,0,4.92,CN,2021-12-14 00:26:51
320,Pouebo,-20.4,164.5667,78.13,93,100,27.27,NC,2021-12-14 00:26:52
321,Chhindwara,22.0667,78.9333,55.8,70,0,3.04,IN,2021-12-14 00:26:52
322,Urumqi,43.801,87.6005,16.75,79,75,4.47,CN,2021-12-14 00:26:52
323,Longyearbyen,78.2186,15.6401,24.64,80,40,8.05,SJ,2021-12-14 00:27:53
324,Khani,41.9563,42.9566,42.37,38,90,7.31,GE,2021-12-14 00:27:53
325,Usinsk,65.9939,57.5281,11.23,94,100,15.3,RU,2021-12-14 00:27:54
326,Jiuquan,39.7432,98.5174,20.07,40,46,1.79,CN,2021-12-14 00:27:54
327,Buala,-8.145,159.5921,84.65,76,82,11.45,SB,2021-12-14 00:27:54
328,Nicoya,10.1483,-85.452,78.35,73,58,12.91,CR,2021-12-14 00:27:55
329,Kindersley,51.4668,-109.1682,24.58,73,75,11.5,CA,2021-12-14 00:27:55
330,Oliver,49.1831,-119.5524,37.31,87,100,5.75,CA,2021-12-14 00:27:55
331,Luanda,-8.8368,13.2343,77.0,88,40,5.75,AO,2021-12-14 00:27:56
332,Alice Springs,-23.7,133.8833,89.15,17,2,18.41,AU,2021-12-14 00:27:56
333,Saldanha,-33.0117,17.9442,60.85,80,4,24.11,ZA,2021-12-14 00:27:57
334,Charters Towers,-20.1,146.2667,85.8,39,17,7.99,AU,2021-12-14 00:27:57
335,Rantepao,-2.9701,119.8978,74.26,81,70,1.36,ID,2021-12-14 00:27:57
336,Xai-Xai,-25.0519,33.6442,77.09,87,100,5.14,MZ,2021-12-14 00:27:58
337,Palmer,42.1584,-72.3287,47.39,41,1,1.01,US,2021-12-14 00:27:58
338,Zatoka,46.0725,30.4654,39.74,83,100,18.07,UA,2021-12-14 00:27:58
339,Dunda,-8.1167,34.25,63.41,93,18,2.21,TZ,2021-12-14 00:27:59
340,Marau,-28.4492,-52.2,68.13,92,100,4.68,BR,2021-12-14 00:27:59
341,Morondava,-20.2833,44.2833,77.07,83,55,7.25,MG,2021-12-14 00:27:59
342,Laguna,38.421,-121.4238,53.92,91,90,7.0,US,2021-12-14 00:28:00
343,Camacha,33.0833,-16.3333,60.53,88,75,13.8,PT,2021-12-14 00:28:00
344,Lorengau,-2.0226,147.2712,82.71,82,100,5.3,PG,2021-12-14 00:28:01
345,Severo-Yeniseyskiy,60.3725,93.0408,-15.02,99,99,1.23,RU,2021-12-14 00:28:01
346,Esna,25.2934,32.554,70.41,43,96,8.19,EG,2021-12-14 00:28:01
347,Tura,25.5198,90.2201,55.78,81,1,3.29,IN,2021-12-14 00:28:02
348,Port-Gentil,-0.7193,8.7815,79.45,85,100,9.6,GA,2021-12-14 00:28:02
349,Aiquile,-18.2041,-65.1807,63.07,81,24,7.45,BO,2021-12-14 00:28:02
350,Saint-Pierre,-21.3393,55.4781,76.64,76,20,4.61,RE,2021-12-14 00:28:03
351,Sayyan,15.1718,44.3244,42.08,52,10,3.42,YE,2021-12-14 00:28:03
352,Selfoss,63.9331,-20.9971,39.49,91,100,14.25,IS,2021-12-14 00:28:04
353,Almeirim,-1.5233,-52.5817,81.03,70,100,2.48,BR,2021-12-14 00:28:04
354,Kenitra,34.261,-6.5802,54.73,89,100,4.18,MA,2021-12-14 00:28:04
355,Constantine,36.365,6.6147,36.81,93,0,0.0,DZ,2021-12-14 00:28:05
356,Tokmak,47.2514,35.7058,37.94,89,100,7.05,UA,2021-12-14 00:23:21
357,Maur,30.0833,75.25,50.14,55,0,4.32,IN,2021-12-14 00:28:05
358,Pemangkat,1.1667,108.9667,79.56,86,100,4.32,ID,2021-12-14 00:28:06
359,Dandong,40.1292,124.3947,28.11,93,95,5.06,CN,2021-12-14 00:28:06
360,Ambilobe,-13.2,49.05,72.43,82,19,3.27,MG,2021-12-14 00:28:06
361,Puri,19.8,85.85,61.32,70,92,7.2,IN,2021-12-14 00:28:07
362,Hamilton,39.1834,-84.5333,47.17,60,1,0.0,US,2021-12-14 00:25:46
363,Madras,13.0878,80.2785,80.96,85,40,4.0,IN,2021-12-14 00:28:07
364,Klaksvik,62.2266,-6.589,41.92,74,60,25.26,FO,2021-12-14 00:28:08
365,Ialibu,-6.2821,143.9935,65.03,83,89,3.24,PG,2021-12-14 00:28:08
366,Kattivakkam,13.2167,80.3167,81.07,85,97,15.48,IN,2021-12-14 00:28:08
367,Biryusinsk,55.9634,97.8235,-0.35,98,100,1.25,RU,2021-12-14 00:28:09
368,Comodoro Rivadavia,-45.8667,-67.5,60.66,72,75,5.75,AR,2021-12-14 00:28:09
369,Jumla,29.2747,82.1838,34.3,30,37,6.44,NP,2021-12-14 00:29:10
370,Palmeira Das Missoes,-27.8994,-53.3136,68.45,86,100,9.08,BR,2021-12-14 00:27:52
371,Vernon,50.2581,-119.2691,36.93,64,100,2.3,CA,2021-12-14 00:29:10
372,Sept-Iles,50.2001,-66.3821,26.06,79,90,2.3,CA,2021-12-14 00:26:33
373,Nhamunda,-2.1861,-56.7131,79.43,68,100,1.3,BR,2021-12-14 00:29:11
374,Salta,-24.7859,-65.4117,64.99,86,90,3.0,AR,2021-12-14 00:29:11
375,Aborlan,9.4352,118.5492,80.31,87,98,11.39,PH,2021-12-14 00:29:11
376,La Union,-5.4,-80.75,75.22,63,34,17.47,PE,2021-12-14 00:29:12
377,Kimbe,-5.5502,150.1429,86.74,68,79,4.47,PG,2021-12-14 00:29:12
378,Ancud,-41.8697,-73.8203,53.13,81,64,5.46,CL,2021-12-14 00:29:13
379,Mackay,-21.15,149.2,86.68,66,40,13.8,AU,2021-12-14 00:29:13
380,Cabedelo,-6.9811,-34.8339,83.07,77,88,12.21,BR,2021-12-14 00:29:14
381,San Lawrenz,36.0553,14.204,54.86,65,0,3.0,MT,2021-12-14 00:29:14
382,Jawhar,2.7809,45.5005,74.53,87,58,12.86,SO,2021-12-14 00:29:14
383,Mahebourg,-20.4081,57.7,75.49,88,40,9.22,MU,2021-12-14 00:29:15
384,Erdaojiang,41.7764,126.0319,17.91,94,61,2.82,CN,2021-12-14 00:29:15
385,Palauig,15.435,119.9045,80.1,61,68,6.49,PH,2021-12-14 00:29:16
386,Marawi,7.9986,124.2928,66.65,93,99,0.96,PH,2021-12-14 00:29:16
387,Vila,42.0304,-8.1588,43.32,92,2,4.07,PT,2021-12-14 00:29:16
388,Port Keats,-14.25,129.55,91.17,57,6,8.39,AU,2021-12-14 00:29:17
389,Santa Isabel Do Rio Negro,-0.4139,-65.0192,75.51,96,100,1.97,BR,2021-12-14 00:29:17
390,Batticaloa,7.7102,81.6924,78.82,80,92,8.03,LK,2021-12-14 00:29:17
391,Nelson,-41.2833,173.2833,61.81,95,100,1.39,NZ,2021-12-14 00:28:46
392,Araure,9.5601,-69.2148,79.61,62,73,8.28,VE,2021-12-14 00:29:18
393,Landerneau,48.4525,-4.2525,50.76,100,90,11.5,FR,2021-12-14 00:29:18
394,Sola,-13.8833,167.55,81.27,89,90,0.0,VU,2021-12-14 00:29:19
395,Rocha,-34.4833,-54.3333,65.14,72,100,6.51,UY,2021-12-14 00:29:19
396,Zavodouspenskoye,56.8626,65.0155,10.62,80,100,6.69,RU,2021-12-14 00:29:19
397,Namtsy,62.7161,129.6658,-30.89,94,56,6.51,RU,2021-12-14 00:29:20
398,Novikovo,51.1537,37.8879,29.34,83,100,7.23,RU,2021-12-14 00:29:20
399,Am Timan,11.0297,20.2827,77.58,24,50,5.08,TD,2021-12-14 00:29:21
400,Bilibino,68.0546,166.4372,-24.81,87,95,4.76,RU,2021-12-14 00:29:21
401,Tlacotepec,20.0667,-97.8667,59.25,95,69,1.79,MX,2021-12-14 00:29:21
402,Ossett,53.6798,-1.5801,46.22,73,100,1.97,GB,2021-12-14 00:29:22
403,Teguldet,57.3064,88.1667,0.34,98,100,1.63,RU,2021-12-14 00:29:22
404,Qasigiannguit,68.8193,-51.1922,25.05,80,21,2.84,GL,2021-12-14 00:29:22
405,Albion,42.2431,-84.753,42.03,77,1,3.44,US,2021-12-14 00:29:23
406,Qinzhou,21.95,108.6167,57.07,69,3,3.47,CN,2021-12-14 00:29:23
407,Ambon,-3.6954,128.1814,86.14,74,40,3.44,ID,2021-12-14 00:29:24
408,Saint-Michel-Des-Saints,46.6834,-73.9159,35.94,83,100,14.81,CA,2021-12-14 00:26:28
409,Inirida,3.8653,-67.9239,75.7,94,100,0.4,CO,2021-12-14 00:29:24
410,Hovd,48.0056,91.6419,7.03,74,82,4.45,MN,2021-12-14 00:29:24
411,Berlevag,70.8578,29.0864,34.79,84,99,14.7,NO,2021-12-14 00:29:25
412,Muborak,39.2553,65.1528,29.91,83,35,7.07,UZ,2021-12-14 00:29:25
413,Gubkinskiy,64.434,76.5026,-24.83,87,10,9.22,RU,2021-12-14 00:29:26
414,Alofi,-19.0595,-169.9187,82.29,69,6,6.91,NU,2021-12-14 00:30:26
415,Alvdal,62.1077,10.6307,13.84,97,91,4.03,NO,2021-12-14 00:30:26
416,Rajapolah,-7.221,108.1896,78.98,74,25,4.32,ID,2021-12-14 00:30:27
417,Haines Junction,60.7522,-137.5108,-32.85,75,96,0.0,CA,2021-12-14 00:30:27
418,Antalaha,-14.9003,50.2788,71.64,84,11,5.46,MG,2021-12-14 00:30:28
419,Sao Miguel Do Araguaia,-13.275,-50.1628,72.91,96,100,2.86,BR,2021-12-14 00:30:28
420,Saint Peter,13.25,-59.6167,79.36,80,100,18.79,BB,2021-12-14 00:30:29
421,Poum,-20.2333,164.0167,79.12,89,100,33.96,NC,2021-12-14 00:30:29
422,Mangaratiba,-22.9597,-44.0406,78.03,89,100,3.04,BR,2021-12-14 00:28:58
423,Nioro,13.35,-15.75,75.02,34,89,4.59,GM,2021-12-14 00:30:30
424,Fort Nelson,58.8053,-122.7002,-11.61,84,20,0.0,CA,2021-12-14 00:30:30
425,Iquique,-20.2208,-70.1431,66.24,83,64,4.16,CL,2021-12-14 00:30:30
426,Ternovka,51.678,41.6375,25.63,71,100,11.41,RU,2021-12-14 00:30:31
427,Rairangpur,22.2676,86.1751,57.67,75,81,0.69,IN,2021-12-14 00:30:31
428,Tartus,34.889,35.8866,68.41,48,100,10.22,SY,2021-12-14 00:30:31
429,Kahului,20.8947,-156.47,79.97,78,40,21.85,US,2021-12-14 00:25:35
430,Bambanglipuro,-7.95,110.2833,70.61,71,75,3.89,ID,2021-12-14 00:30:32
431,Hoquiam,46.9809,-123.8893,41.0,97,100,5.01,US,2021-12-14 00:30:32
432,Dwarka,22.2394,68.9678,70.95,41,0,12.84,IN,2021-12-14 00:30:33
433,Paka,4.6374,103.4368,75.13,94,40,0.0,MY,2021-12-14 00:30:33
434,Mullovka,54.2,49.4,22.82,68,100,12.37,RU,2021-12-14 00:30:33
435,Jiwani,25.05,61.7417,68.49,28,100,11.59,PK,2021-12-14 00:30:34
436,Ulladulla,-35.35,150.4667,82.76,60,59,6.44,AU,2021-12-14 00:30:34
437,Eskil,38.4017,33.4131,50.13,61,100,11.5,TR,2021-12-14 00:30:34
438,San Carlos De Bariloche,-41.1456,-71.3082,51.55,58,40,19.57,AR,2021-12-14 00:30:35
439,Rio Gallegos,-51.6226,-69.2181,55.45,35,75,20.71,AR,2021-12-14 00:25:56
440,Newport,51.5877,-2.9984,53.17,91,100,9.8,GB,2021-12-14 00:30:35
441,Aswan,24.0934,32.907,70.14,45,100,5.21,EG,2021-12-14 00:30:36
442,Kutum,14.2,24.6667,64.67,39,28,5.06,SD,2021-12-14 00:30:36
443,Pangnirtung,66.1451,-65.7125,-1.98,89,100,1.88,CA,2021-12-14 00:30:36
444,Christchurch,-43.5333,172.6333,67.91,69,100,4.0,NZ,2021-12-14 00:30:37
445,Monrovia,6.3005,-10.7969,78.39,86,79,5.03,LR,2021-12-14 00:30:37
446,Synya,65.3718,58.0387,13.01,92,100,9.95,RU,2021-12-14 00:30:38
447,Dibulla,11.2725,-73.3091,82.42,71,58,5.7,CO,2021-12-14 00:30:38
448,Dakar,14.6937,-17.4441,75.33,73,0,6.91,SN,2021-12-14 00:30:38
449,Atambua,-9.1061,124.8925,83.73,65,30,1.36,ID,2021-12-14 00:30:39
450,Tazmalt,36.3868,4.3989,47.05,65,0,4.23,DZ,2021-12-14 00:30:39
451,Kasongo-Lunda,-6.4667,16.8167,70.99,96,100,0.65,CD,2021-12-14 00:30:39
452,Palmas Bellas,9.2319,-80.0867,82.31,85,99,8.84,PA,2021-12-14 00:30:40
453,Henties Bay,-22.116,14.2845,58.86,94,20,3.85,NA,2021-12-14 00:30:40
454,Cedar City,37.6775,-113.0619,43.77,45,90,13.8,US,2021-12-14 00:30:40
455,Diu,20.7141,70.9822,69.53,42,0,9.82,IN,2021-12-14 00:30:41
456,Maloy,61.9353,5.1136,44.33,87,28,8.99,NO,2021-12-14 00:30:41
457,Pochutla,15.7432,-96.4661,82.22,76,0,4.41,MX,2021-12-14 00:30:42
458,Nuuk,64.1835,-51.7216,25.41,86,20,8.05,GL,2021-12-14 00:26:04
459,Dongsheng,39.8161,109.9776,19.9,40,0,12.93,CN,2021-12-14 00:30:42
460,Kaitangata,-46.2817,169.8464,60.93,70,8,10.02,NZ,2021-12-14 00:31:42
461,Nushki,29.5542,66.0215,38.93,38,0,4.09,PK,2021-12-14 00:31:43
462,Namatanai,-3.6667,152.4333,86.05,68,80,7.38,PG,2021-12-14 00:31:43
463,Tangier,35.7806,-5.8137,58.26,82,0,5.75,MA,2021-12-14 00:31:44
464,Marsa Matruh,31.3525,27.2453,58.84,71,1,13.35,EG,2021-12-14 00:31:44
465,Dawei,14.0833,98.2,71.89,69,100,6.71,MM,2021-12-14 00:31:45
466,Tommot,58.9564,126.2925,-12.48,93,100,8.68,RU,2021-12-14 00:31:45
467,Korla,41.7597,86.1469,22.06,63,98,1.54,CN,2021-12-14 00:31:45
468,Ixtapa,20.7,-105.2,78.03,83,1,8.05,MX,2021-12-14 00:31:46
469,Vila Do Maio,15.1333,-23.2167,74.19,74,99,16.98,CV,2021-12-14 00:31:46
470,Mabaruma,8.2,-59.7833,73.09,99,97,3.04,GY,2021-12-14 00:31:46
471,Tsiroanomandidy,-18.7667,46.0333,69.76,78,98,4.85,MG,2021-12-14 00:31:47
472,Yar-Sale,66.8333,70.8333,8.46,94,100,19.35,RU,2021-12-14 00:31:47
473,Trofors,65.5333,13.4063,42.15,90,97,10.13,NO,2021-12-14 00:31:48
474,Marana,32.4367,-111.2254,75.54,37,1,0.0,US,2021-12-14 00:27:09
475,Tougan,13.0667,-3.0667,75.92,16,0,9.06,BF,2021-12-14 00:31:48
476,Nannilam,10.8793,79.6106,71.96,95,100,7.16,IN,2021-12-14 00:31:49
477,Ondangwa,-17.9167,15.95,72.81,69,100,9.66,NA,2021-12-14 00:31:49
478,Slave Lake,55.2834,-114.769,3.18,85,90,12.66,CA,2021-12-14 00:31:50
479,Masty,53.4122,24.5387,28.45,82,48,2.77,BY,2021-12-14 00:31:50
480,Zalantun,48.0,122.7167,9.39,87,100,1.68,CN,2021-12-14 00:31:50
481,Paamiut,61.994,-49.6678,22.98,76,25,3.83,GL,2021-12-14 00:31:51
482,Churapcha,62.0025,132.4325,-39.46,100,47,4.03,RU,2021-12-14 00:31:51
483,Svetlogorsk,52.6333,29.7333,33.51,98,100,6.51,BY,2021-12-14 00:31:52
484,Port Blair,11.6667,92.75,78.84,78,40,5.75,IN,2021-12-14 00:31:52
485,Porvoo,60.3923,25.6651,37.92,97,100,11.88,FI,2021-12-14 00:31:53
486,Sulechow,52.0836,15.6251,44.78,100,100,4.32,PL,2021-12-14 00:31:53
487,Mandi Bahauddin,32.5834,73.4843,49.05,46,0,3.96,PK,2021-12-14 00:31:53
488,Taoudenni,22.6783,-3.9836,64.85,31,100,12.39,ML,2021-12-14 00:31:54
489,Sorong,-0.8833,131.25,81.95,83,100,7.58,ID,2021-12-14 00:31:54
490,Cap Malheureux,-19.9842,57.6142,75.69,75,9,1.99,MU,2021-12-14 00:31:08
491,Bairiki,1.3292,172.9752,86.0,66,20,11.5,KI,2021-12-14 00:31:55
492,Maldonado,-34.6667,-54.9167,67.23,76,100,6.26,UY,2021-12-14 00:31:55
493,Villaviciosa,43.4813,-5.4357,50.16,100,0,4.09,ES,2021-12-14 00:31:55
494,Ambatondrazaka,-17.8333,48.4167,66.81,79,91,5.5,MG,2021-12-14 00:31:56
495,Panglao,9.5781,123.7458,81.21,77,77,19.64,PH,2021-12-14 00:31:56
496,Samarai,-10.6167,150.6667,84.81,73,94,11.81,PG,2021-12-14 00:31:57
497,Shizuishan,39.2333,106.7694,24.37,35,0,1.5,CN,2021-12-14 00:31:57
498,North Bend,43.4065,-124.2243,44.51,90,90,10.36,US,2021-12-14 00:31:57
499,Pospelikha,51.95,81.7667,7.52,96,100,5.19,RU,2021-12-14 00:31:58
500,Baft,29.234,56.6057,36.95,29,0,2.95,IR,2021-12-14 00:30:33
501,Yeppoon,-23.1333,150.7333,83.98,63,60,10.36,AU,2021-12-14 00:31:58
502,Cabra,37.4725,-4.4421,52.39,74,0,2.62,ES,2021-12-14 00:31:59
503,Neiafu,-18.65,-173.9833,84.88,70,40,6.91,TO,2021-12-14 00:32:59
504,Aquiraz,-3.9014,-38.3911,85.21,66,64,13.67,BR,2021-12-14 00:32:59
505,Marovoay,-16.1,46.6333,78.94,75,0,4.18,MG,2021-12-14 00:33:00
506,Waipawa,-41.4122,175.5153,57.45,99,100,3.78,NZ,2021-12-14 00:33:00
507,Subiaco,41.9254,13.0941,44.04,72,6,5.32,IT,2021-12-14 00:33:01
508,Marshall,34.3834,-86.3333,51.55,74,1,4.61,US,2021-12-14 00:33:01
509,Loukhi,66.0764,33.0381,16.77,98,76,4.83,RU,2021-12-14 00:33:01
510,Mysen,59.5535,11.3258,36.63,97,100,2.98,NO,2021-12-14 00:33:02
511,Brigantine,39.4101,-74.3646,46.45,64,1,5.75,US,2021-12-14 00:29:44
512,Vardo,70.3705,31.1107,35.76,90,100,18.14,NO,2021-12-14 00:33:03
513,Juneau,58.3019,-134.4197,21.25,93,20,0.0,US,2021-12-14 00:30:13
514,Koshurnikovo,54.1667,93.3,4.08,98,100,1.54,RU,2021-12-14 00:33:03
515,Luena,-11.7833,19.9167,61.92,94,98,2.66,AO,2021-12-14 00:33:04
516,Honningsvag,70.9821,25.9704,36.16,72,70,15.28,NO,2021-12-14 00:33:04
517,La Mana,-0.9333,-79.2167,83.89,95,100,0.78,EC,2021-12-14 00:33:05
518,Ames,42.0347,-93.6199,46.31,69,1,3.0,US,2021-12-14 00:28:19
519,Tambovka,50.0969,128.0489,-12.89,100,80,4.52,RU,2021-12-14 00:33:05
520,Easton,40.6884,-75.2207,47.48,46,1,4.0,US,2021-12-14 00:33:05
521,Srednekolymsk,67.45,153.6833,-19.39,96,100,4.52,RU,2021-12-14 00:33:06
522,Keetmanshoop,-26.5833,18.1333,61.47,53,0,8.72,NA,2021-12-14 00:33:06
523,Noumea,-22.2763,166.4572,81.0,99,100,12.03,NC,2021-12-14 00:33:06
524,Kirakira,-10.4544,161.9205,81.55,86,100,9.93,SB,2021-12-14 00:33:07
525,Priargunsk,50.3691,119.1012,-8.81,100,64,2.44,RU,2021-12-14 00:33:07
526,Istanbul,41.0351,28.9833,54.07,87,75,12.66,TR,2021-12-14 00:33:08
527,Dalvik,65.9702,-18.5286,28.33,76,100,9.4,IS,2021-12-14 00:33:08
528,Cairns,-16.9167,145.7667,89.55,48,40,13.8,AU,2021-12-14 00:33:08
529,Olinda,-8.0089,-34.8553,76.73,94,75,3.44,BR,2021-12-14 00:33:09
530,Portland,45.5234,-122.6762,42.98,92,90,3.0,US,2021-12-14 00:29:05
531,Zabol,32.25,67.25,26.64,53,0,7.07,AF,2021-12-14 00:33:09
532,Nouadhibou,20.931,-17.0347,64.38,63,5,17.27,MR,2021-12-14 00:33:10
533,Inhambane,-23.865,35.3833,77.14,91,100,5.19,MZ,2021-12-14 00:33:10
534,Derzhavinsk,51.1,66.3167,-0.83,94,75,4.88,KZ,2021-12-14 00:33:10
535,Voka,59.3997,27.5817,32.63,95,100,11.05,EE,2021-12-14 00:33:11
536,Marzuq,14.4,46.4667,52.18,52,18,3.42,YE,2021-12-14 00:33:11
537,Saveh,35.0213,50.3566,44.4,54,19,2.73,IR,2021-12-14 00:33:11
538,Santiago Del Estero,-27.7951,-64.2615,66.97,92,100,8.01,AR,2021-12-14 00:31:33
539,Pedasi,7.5333,-80.0333,76.06,81,5,9.31,PA,2021-12-14 00:33:12
540,Shadrinsk,56.0852,63.6335,18.72,79,100,11.5,RU,2021-12-14 00:33:12
541,Miri,4.4148,114.0089,77.14,94,40,4.61,MY,2021-12-14 00:33:13
542,Aykhal,66.0,111.5,-38.45,100,51,3.58,RU,2021-12-14 00:33:13
543,Atchison,39.563,-95.1216,53.37,54,59,7.99,US,2021-12-14 00:32:33
544,Chumikan,54.7183,135.315,-1.43,78,14,25.28,RU,2021-12-14 00:33:14
545,Plettenberg Bay,-34.0527,23.3716,62.6,90,99,5.5,ZA,2021-12-14 00:33:14
546,Abalak,58.1286,68.5944,10.45,96,100,4.92,RU,2021-12-14 00:33:14
547,Grootfontein,-19.5667,18.1167,67.57,64,3,4.61,NA,2021-12-14 00:34:15
548,Luba,3.4568,8.5547,80.49,85,100,6.29,GQ,2021-12-14 00:34:15
549,Mongomo,1.6274,11.3135,69.12,99,38,2.44,GQ,2021-12-14 00:34:16
550,Kem,64.9555,34.5793,23.56,95,80,7.87,RU,2021-12-14 00:34:16
551,Monte Patria,-30.6919,-70.9467,65.17,52,0,4.16,CL,2021-12-14 00:34:16
552,Tilichiki,60.4667,166.1,14.5,79,100,24.54,RU,2021-12-14 00:34:17
553,Molina,-35.1167,-71.2833,69.53,37,60,8.05,CL,2021-12-14 00:34:17
554,Jizan,17.3333,42.6667,74.34,72,7,5.5,SA,2021-12-14 00:34:17
